response time:defaultUsageScenario;ContinuousProcessingRateDegreeImpl:Server1:CPU;ContinuousProcessingRateDegreeImpl:Server1:HDD;ContinuousProcessingRateDegreeImpl:Server2:CPU;ContinuousProcessingRateDegreeImpl:Server2:HDD;ContinuousProcessingRateDegreeImpl:Server3:CPU;ContinuousProcessingRateDegreeImpl:Server3:HDD;ContinuousProcessingRateDegreeImpl:DBServer:CPU;ContinuousProcessingRateDegreeImpl:DBServer:HDD;AllocationDegreeImpl:Allocation_Assembly_C1 <C1> <C1>;AllocationDegreeImpl:Allocation_Assembly_C2 <C2> <C2>;AllocationDegreeImpl:Allocation_Assembly_C3 <C3> <C3>;AllocationDegreeImpl:Allocation_Assembly_DB;AllocationDegreeImpl:Allocation_Assembly_Exporter;CapacityDegreeImpl:semaphore;Util of Server1 CPU;Util of Server1 HDD;Util of Server2 CPU;Util of Server2 HDD;Util of Server3 CPU;Util of Server3 HDD;Util of DBServer CPU;Util of DBServer HDD;Util of aName LAN;Candidate ID;
105.5573;4.5;1000.0;3.0;1000.0;3.0;1000.0;5.0;1000000.0;Server1 (ID: _g7HJEC6MEd-Jla2o7wkBzQ);Server2 (ID: _h3wXgC6MEd-Jla2o7wkBzQ);Server3 (ID: _vxqJwS6QEd-pNfzbJsur0g);DBServer (ID: _7jiyMV5LEeavvL8WcdoZSg);Server1 (ID: _g7HJEC6MEd-Jla2o7wkBzQ);1;0.823333;0.001524;0.6;0.0;0.522;0.0;0.9222;0.468009;0.0393;0;
Infinity;7.196791989634091;1786.570481658102;5.700642924532381;595.6133623268983;5.0138436845805385;1250.0735938978594;3.4104000003124435;1433533.96456648;Server2 (ID: _h3wXgC6MEd-Jla2o7wkBzQ);Server2 (ID: _h3wXgC6MEd-Jla2o7wkBzQ);Server1 (ID: _g7HJEC6MEd-Jla2o7wkBzQ);DBServer (ID: _7jiyMV5LEeavvL8WcdoZSg);Server3 (ID: _vxqJwS6QEd-pNfzbJsur0g);1;1;
Infinity;5.014196144535223;1736.5666556079802;3.2634640474399914;1033.5812613915023;4.188905824999967;862.1964108718405;8.324892801543179;1331956.0679332984;DBServer (ID: _7jiyMV5LEeavvL8WcdoZSg);Server3 (ID: _vxqJwS6QEd-pNfzbJsur0g);Server1 (ID: _g7HJEC6MEd-Jla2o7wkBzQ);DBServer (ID: _7jiyMV5LEeavvL8WcdoZSg);DBServer (ID: _7jiyMV5LEeavvL8WcdoZSg);1;2;
Infinity;4.491460600208539;1594.386504320777;4.729512718620191;1506.0884343243224;3.7202403690869152;806.9787650337348;3.2255234732869584;1934559.0041803548;Server3 (ID: _vxqJwS6QEd-pNfzbJsur0g);Server2 (ID: _h3wXgC6MEd-Jla2o7wkBzQ);Server3 (ID: _vxqJwS6QEd-pNfzbJsur0g);DBServer (ID: _7jiyMV5LEeavvL8WcdoZSg);Server1 (ID: _g7HJEC6MEd-Jla2o7wkBzQ);1;6;
Infinity;6.727969627780417;1079.098852141729;1.5767945885402632;879.1720872579748;3.318977745908873;1616.8275586171953;2.8533338641502537;778809.2568998935;Server1 (ID: _g7HJEC6MEd-Jla2o7wkBzQ);Server3 (ID: _vxqJwS6QEd-pNfzbJsur0g);Server3 (ID: _vxqJwS6QEd-pNfzbJsur0g);Server3 (ID: _vxqJwS6QEd-pNfzbJsur0g);Server1 (ID: _g7HJEC6MEd-Jla2o7wkBzQ);1;7;
Infinity;5.126826847163176;1226.598566721113;4.871360553834833;670.1895283300884;2.424569602023303;1315.825255310362;8.465005512071453;1316691.4960750062;Server2 (ID: _h3wXgC6MEd-Jla2o7wkBzQ);Server2 (ID: _h3wXgC6MEd-Jla2o7wkBzQ);Server3 (ID: _vxqJwS6QEd-pNfzbJsur0g);Server1 (ID: _g7HJEC6MEd-Jla2o7wkBzQ);DBServer (ID: _7jiyMV5LEeavvL8WcdoZSg);1;8;
Infinity;3.4459531812620074;1565.3303782479384;4.211482703742549;830.7439373464811;2.606770546752897;1957.0738770739827;8.603330350095872;638886.217179711;DBServer (ID: _7jiyMV5LEeavvL8WcdoZSg);Server2 (ID: _h3wXgC6MEd-Jla2o7wkBzQ);Server3 (ID: _vxqJwS6QEd-pNfzbJsur0g);Server1 (ID: _g7HJEC6MEd-Jla2o7wkBzQ);DBServer (ID: _7jiyMV5LEeavvL8WcdoZSg);1;9;
Infinity;8.232563178764476;1828.2669929516394;5.452875684605846;652.1245204262179;3.031405342442123;1642.1105978945463;7.911609664811606;1992077.7654890257;Server1 (ID: _g7HJEC6MEd-Jla2o7wkBzQ);DBServer (ID: _7jiyMV5LEeavvL8WcdoZSg);Server3 (ID: _vxqJwS6QEd-pNfzbJsur0g);Server3 (ID: _vxqJwS6QEd-pNfzbJsur0g);Server3 (ID: _vxqJwS6QEd-pNfzbJsur0g);1;10;
Infinity;5.56344147680646;1473.6402785239952;5.366698364061206;1804.9879490472354;2.1626552280238136;1534.4138221788749;7.928453578942808;1630690.677201004;Server3 (ID: _vxqJwS6QEd-pNfzbJsur0g);DBServer (ID: _7jiyMV5LEeavvL8WcdoZSg);DBServer (ID: _7jiyMV5LEeavvL8WcdoZSg);Server2 (ID: _h3wXgC6MEd-Jla2o7wkBzQ);Server3 (ID: _vxqJwS6QEd-pNfzbJsur0g);1;11;
Infinity;5.662616133230811;1241.0115771529104;2.9323161298321136;997.7815633519135;1.6232789676082426;597.3104190447581;4.646052120122008;1190406.7134193564;Server1 (ID: _g7HJEC6MEd-Jla2o7wkBzQ);DBServer (ID: _7jiyMV5LEeavvL8WcdoZSg);Server1 (ID: _g7HJEC6MEd-Jla2o7wkBzQ);Server2 (ID: _h3wXgC6MEd-Jla2o7wkBzQ);Server3 (ID: _vxqJwS6QEd-pNfzbJsur0g);1;12;
Infinity;6.016171529493201;1656.8593644383125;3.866031798548299;1231.5381681273934;4.889685097150011;792.2717948244438;2.9731736442328254;1451029.586975402;Server2 (ID: _h3wXgC6MEd-Jla2o7wkBzQ);Server2 (ID: _h3wXgC6MEd-Jla2o7wkBzQ);Server3 (ID: _vxqJwS6QEd-pNfzbJsur0g);DBServer (ID: _7jiyMV5LEeavvL8WcdoZSg);Server1 (ID: _g7HJEC6MEd-Jla2o7wkBzQ);1;15;
Infinity;5.68712598483933;1824.983923729592;3.540607025921707;1865.4662072137446;1.5699267197663773;1845.4696149853426;8.354359494643635;571094.4558288188;DBServer (ID: _7jiyMV5LEeavvL8WcdoZSg);DBServer (ID: _7jiyMV5LEeavvL8WcdoZSg);Server2 (ID: _h3wXgC6MEd-Jla2o7wkBzQ);Server2 (ID: _h3wXgC6MEd-Jla2o7wkBzQ);Server1 (ID: _g7HJEC6MEd-Jla2o7wkBzQ);1;19;
Infinity;8.143790582683156;715.352763871394;3.414018286863355;1564.3843434760763;1.6185018215997935;1977.0663941972973;5.722030368040668;1090652.5657651937;Server3 (ID: _vxqJwS6QEd-pNfzbJsur0g);Server1 (ID: _g7HJEC6MEd-Jla2o7wkBzQ);DBServer (ID: _7jiyMV5LEeavvL8WcdoZSg);Server2 (ID: _h3wXgC6MEd-Jla2o7wkBzQ);DBServer (ID: _7jiyMV5LEeavvL8WcdoZSg);1;20;
Infinity;7.94297774363609;500.73747189044684;4.876275575351583;1511.3857743318745;2.0943136452240285;522.9470910746139;4.96729126787959;807535.0443273926;Server1 (ID: _g7HJEC6MEd-Jla2o7wkBzQ);Server1 (ID: _g7HJEC6MEd-Jla2o7wkBzQ);Server2 (ID: _h3wXgC6MEd-Jla2o7wkBzQ);Server2 (ID: _h3wXgC6MEd-Jla2o7wkBzQ);Server2 (ID: _h3wXgC6MEd-Jla2o7wkBzQ);1;22;
Infinity;3.3827851588039577;644.774974683914;2.2675325697844997;1233.8310649300663;5.372919045911091;1789.66999941526;9.716761705573468;1567823.801039814;DBServer (ID: _7jiyMV5LEeavvL8WcdoZSg);Server1 (ID: _g7HJEC6MEd-Jla2o7wkBzQ);DBServer (ID: _7jiyMV5LEeavvL8WcdoZSg);Server3 (ID: _vxqJwS6QEd-pNfzbJsur0g);DBServer (ID: _7jiyMV5LEeavvL8WcdoZSg);1;24;
Infinity;2.3679058671071633;1233.7694843807794;5.020742574603526;1145.5142673133723;4.214501976593084;1425.139555845199;7.355047906089666;1985223.0401981378;DBServer (ID: _7jiyMV5LEeavvL8WcdoZSg);Server1 (ID: _g7HJEC6MEd-Jla2o7wkBzQ);Server3 (ID: _vxqJwS6QEd-pNfzbJsur0g);Server1 (ID: _g7HJEC6MEd-Jla2o7wkBzQ);Server3 (ID: _vxqJwS6QEd-pNfzbJsur0g);1;26;
57.9748;4.718049508356179;1070.9082679098788;5.310156321430489;851.8172328251721;4.70494698933883;590.445851971536;5.562798030554095;567448.4683678511;Server2 (ID: _h3wXgC6MEd-Jla2o7wkBzQ);Server2 (ID: _h3wXgC6MEd-Jla2o7wkBzQ);Server3 (ID: _vxqJwS6QEd-pNfzbJsur0g);DBServer (ID: _7jiyMV5LEeavvL8WcdoZSg);Server1 (ID: _g7HJEC6MEd-Jla2o7wkBzQ);1;0.403769;0.00142309;0.677946;0.0;0.332841;0.0;0.828899;0.82476;0.03;28;
Infinity;2.732133454673124;1802.6293370715302;1.7550114091580766;1160.7520994699785;3.7803245583958787;1515.273706390094;7.282778077031419;840605.0882779344;Server3 (ID: _vxqJwS6QEd-pNfzbJsur0g);Server3 (ID: _vxqJwS6QEd-pNfzbJsur0g);Server3 (ID: _vxqJwS6QEd-pNfzbJsur0g);Server1 (ID: _g7HJEC6MEd-Jla2o7wkBzQ);Server3 (ID: _vxqJwS6QEd-pNfzbJsur0g);1;31;
Infinity;8.252792341032844;1115.8688782613463;3.5974554650598813;702.420451340657;5.721449677401179;947.8131673111194;3.5768489441831055;1802257.801155372;DBServer (ID: _7jiyMV5LEeavvL8WcdoZSg);Server3 (ID: _vxqJwS6QEd-pNfzbJsur0g);DBServer (ID: _7jiyMV5LEeavvL8WcdoZSg);Server1 (ID: _g7HJEC6MEd-Jla2o7wkBzQ);Server3 (ID: _vxqJwS6QEd-pNfzbJsur0g);1;32;
Infinity;7.14239757312798;1410.4736321643006;2.8089170631153673;1385.7628044071953;5.473293627147438;1849.8655100179064;5.236646197182893;1619087.8814484973;Server2 (ID: _h3wXgC6MEd-Jla2o7wkBzQ);DBServer (ID: _7jiyMV5LEeavvL8WcdoZSg);DBServer (ID: _7jiyMV5LEeavvL8WcdoZSg);Server3 (ID: _vxqJwS6QEd-pNfzbJsur0g);Server2 (ID: _h3wXgC6MEd-Jla2o7wkBzQ);1;33;
Infinity;8.933983377706014;914.0793246120858;2.8687656893721325;1328.3758428677734;3.603033995670309;615.3801911999095;9.527843026002166;695244.9394671796;Server3 (ID: _vxqJwS6QEd-pNfzbJsur0g);Server3 (ID: _vxqJwS6QEd-pNfzbJsur0g);Server1 (ID: _g7HJEC6MEd-Jla2o7wkBzQ);DBServer (ID: _7jiyMV5LEeavvL8WcdoZSg);Server2 (ID: _h3wXgC6MEd-Jla2o7wkBzQ);1;34;
413.94829999999996;4.210146627239495;1073.557243334018;2.0091126977813376;1171.498274093065;4.038796080002281;1883.9540044831058;9.6638819486144;540836.2260760821;Server1 (ID: _g7HJEC6MEd-Jla2o7wkBzQ);Server1 (ID: _g7HJEC6MEd-Jla2o7wkBzQ);DBServer (ID: _7jiyMV5LEeavvL8WcdoZSg);DBServer (ID: _7jiyMV5LEeavvL8WcdoZSg);Server2 (ID: _h3wXgC6MEd-Jla2o7wkBzQ);1;0.855077;0.0;0.94818;0.0013009;0.0;0.0;0.639184;0.865343;0.03;37;
413.94829999999996;3.342116133063918;909.7411711522034;5.707910536515117;1527.4393476077369;2.2533103000244106;515.7046487396825;3.524628207487417;653471.689079957;Server2 (ID: _h3wXgC6MEd-Jla2o7wkBzQ);Server1 (ID: _g7HJEC6MEd-Jla2o7wkBzQ);Server3 (ID: _vxqJwS6QEd-pNfzbJsur0g);Server1 (ID: _g7HJEC6MEd-Jla2o7wkBzQ);Server2 (ID: _h3wXgC6MEd-Jla2o7wkBzQ);1;0.855077;0.0;0.94818;0.0013009;0.0;0.0;0.639184;0.865343;0.03;38;
413.94829999999996;4.8445756330067695;821.1284556947599;4.724690514282712;1142.833517135196;3.8118208248876755;522.7651923555545;9.521008045477114;1194261.0278239395;Server1 (ID: _g7HJEC6MEd-Jla2o7wkBzQ);Server3 (ID: _vxqJwS6QEd-pNfzbJsur0g);Server2 (ID: _h3wXgC6MEd-Jla2o7wkBzQ);Server3 (ID: _vxqJwS6QEd-pNfzbJsur0g);Server2 (ID: _h3wXgC6MEd-Jla2o7wkBzQ);1;0.855077;0.0;0.94818;0.0013009;0.0;0.0;0.639184;0.865343;0.03;39;
413.94829999999996;2.8027272155403504;840.5841387111836;4.658773056595056;1648.2077100468898;2.789063164705341;1186.0013427446268;5.987577509873558;1131000.7091913421;DBServer (ID: _7jiyMV5LEeavvL8WcdoZSg);Server3 (ID: _vxqJwS6QEd-pNfzbJsur0g);Server3 (ID: _vxqJwS6QEd-pNfzbJsur0g);DBServer (ID: _7jiyMV5LEeavvL8WcdoZSg);Server2 (ID: _h3wXgC6MEd-Jla2o7wkBzQ);1;0.855077;0.0;0.94818;0.0013009;0.0;0.0;0.639184;0.865343;0.03;40;
413.94829999999996;4.568059800820929;938.3244446428437;5.6038426985652245;1407.2917620866908;4.683809256539442;1840.6560305357882;7.685021037049413;1494768.5106347364;Server2 (ID: _h3wXgC6MEd-Jla2o7wkBzQ);Server3 (ID: _vxqJwS6QEd-pNfzbJsur0g);Server1 (ID: _g7HJEC6MEd-Jla2o7wkBzQ);Server1 (ID: _g7HJEC6MEd-Jla2o7wkBzQ);DBServer (ID: _7jiyMV5LEeavvL8WcdoZSg);1;0.855077;0.0;0.94818;0.0013009;0.0;0.0;0.639184;0.865343;0.03;41;
36.9306;4.093746340575311;1938.845092482183;2.3066368411611364;1269.918093092522;5.150187081315574;566.3030230226592;6.677696779429501;1524155.5427068844;Server3 (ID: _vxqJwS6QEd-pNfzbJsur0g);Server3 (ID: _vxqJwS6QEd-pNfzbJsur0g);Server2 (ID: _h3wXgC6MEd-Jla2o7wkBzQ);DBServer (ID: _7jiyMV5LEeavvL8WcdoZSg);Server1 (ID: _g7HJEC6MEd-Jla2o7wkBzQ);1;0.465344;7.86035E-4;0.678911;0.0;0.699004;0.0;0.690508;0.307061;0.03;42;
36.9306;6.490506913015207;1439.2051343390383;3.028012837489031;1738.3659192023522;5.015838541237276;827.9260555856963;5.578447640257724;1693088.7447095716;Server3 (ID: _vxqJwS6QEd-pNfzbJsur0g);Server3 (ID: _vxqJwS6QEd-pNfzbJsur0g);DBServer (ID: _7jiyMV5LEeavvL8WcdoZSg);Server2 (ID: _h3wXgC6MEd-Jla2o7wkBzQ);Server3 (ID: _vxqJwS6QEd-pNfzbJsur0g);1;0.465344;7.86035E-4;0.678911;0.0;0.699004;0.0;0.690508;0.307061;0.03;43;
36.9306;2.4958726675921876;1801.5795509928055;1.5992373373498818;1566.995386668379;5.584993044437338;1248.0708987855683;6.147603466353439;551931.1695038172;Server2 (ID: _h3wXgC6MEd-Jla2o7wkBzQ);Server2 (ID: _h3wXgC6MEd-Jla2o7wkBzQ);DBServer (ID: _7jiyMV5LEeavvL8WcdoZSg);Server1 (ID: _g7HJEC6MEd-Jla2o7wkBzQ);Server1 (ID: _g7HJEC6MEd-Jla2o7wkBzQ);1;0.465344;7.86035E-4;0.678911;0.0;0.699004;0.0;0.690508;0.307061;0.03;44;
36.9306;7.629541655713108;1474.3044934847592;4.476952977069686;1109.1028460764387;4.919111596929455;988.9508983959179;9.899097206098688;1488082.4712418548;Server2 (ID: _h3wXgC6MEd-Jla2o7wkBzQ);DBServer (ID: _7jiyMV5LEeavvL8WcdoZSg);Server2 (ID: _h3wXgC6MEd-Jla2o7wkBzQ);Server2 (ID: _h3wXgC6MEd-Jla2o7wkBzQ);Server3 (ID: _vxqJwS6QEd-pNfzbJsur0g);1;0.465344;7.86035E-4;0.678911;0.0;0.699004;0.0;0.690508;0.307061;0.03;45;
36.9306;2.7460964897387337;1574.3997424112601;2.6481116466777355;1629.9437765582604;5.496692606598522;1659.8302150977686;2.758559235000822;1496744.500533948;DBServer (ID: _7jiyMV5LEeavvL8WcdoZSg);DBServer (ID: _7jiyMV5LEeavvL8WcdoZSg);Server3 (ID: _vxqJwS6QEd-pNfzbJsur0g);DBServer (ID: _7jiyMV5LEeavvL8WcdoZSg);Server3 (ID: _vxqJwS6QEd-pNfzbJsur0g);1;0.465344;7.86035E-4;0.678911;0.0;0.699004;0.0;0.690508;0.307061;0.03;46;
Infinity;3.0925510228188973;1522.985149734239;2.0064040436022355;759.898392167373;3.8994263750830283;1200.020829579349;7.766325599619116;1222068.6363009172;Server3 (ID: _vxqJwS6QEd-pNfzbJsur0g);Server2 (ID: _h3wXgC6MEd-Jla2o7wkBzQ);DBServer (ID: _7jiyMV5LEeavvL8WcdoZSg);Server2 (ID: _h3wXgC6MEd-Jla2o7wkBzQ);DBServer (ID: _7jiyMV5LEeavvL8WcdoZSg);1;49;
Infinity;2.5532283746578406;1803.6340700132525;1.5388376391128988;859.1874292504086;2.914035167510303;1364.694972665904;8.460796442713772;744805.0699597383;Server1 (ID: _g7HJEC6MEd-Jla2o7wkBzQ);Server1 (ID: _g7HJEC6MEd-Jla2o7wkBzQ);Server1 (ID: _g7HJEC6MEd-Jla2o7wkBzQ);Server1 (ID: _g7HJEC6MEd-Jla2o7wkBzQ);Server1 (ID: _g7HJEC6MEd-Jla2o7wkBzQ);1;50;
Infinity;7.4201032930013415;1643.4749514968046;5.383512729923551;1122.5387772000872;2.6500464773598242;1179.226989379705;4.988179049392578;1203487.9971502223;Server2 (ID: _h3wXgC6MEd-Jla2o7wkBzQ);Server2 (ID: _h3wXgC6MEd-Jla2o7wkBzQ);DBServer (ID: _7jiyMV5LEeavvL8WcdoZSg);Server2 (ID: _h3wXgC6MEd-Jla2o7wkBzQ);DBServer (ID: _7jiyMV5LEeavvL8WcdoZSg);1;51;
Infinity;4.466298641784423;1988.968578588605;5.662017127896702;1872.6075889782533;1.5719295747032773;766.1987652628571;6.995252600317755;1108275.584472435;Server2 (ID: _h3wXgC6MEd-Jla2o7wkBzQ);Server2 (ID: _h3wXgC6MEd-Jla2o7wkBzQ);Server1 (ID: _g7HJEC6MEd-Jla2o7wkBzQ);Server2 (ID: _h3wXgC6MEd-Jla2o7wkBzQ);Server1 (ID: _g7HJEC6MEd-Jla2o7wkBzQ);1;52;
Infinity;4.549787785085177;716.8155827286084;5.400180352160326;1927.558978477669;4.491391496448164;1712.810026384971;7.0291379055985095;1222931.887893482;Server2 (ID: _h3wXgC6MEd-Jla2o7wkBzQ);Server1 (ID: _g7HJEC6MEd-Jla2o7wkBzQ);Server1 (ID: _g7HJEC6MEd-Jla2o7wkBzQ);Server2 (ID: _h3wXgC6MEd-Jla2o7wkBzQ);Server2 (ID: _h3wXgC6MEd-Jla2o7wkBzQ);1;53;
Infinity;4.002605339551609;1427.7441805708345;4.24097033548043;897.0449013805987;4.530409185746487;1616.5954883723628;6.703390489404402;1069831.375853735;Server1 (ID: _g7HJEC6MEd-Jla2o7wkBzQ);Server2 (ID: _h3wXgC6MEd-Jla2o7wkBzQ);DBServer (ID: _7jiyMV5LEeavvL8WcdoZSg);Server3 (ID: _vxqJwS6QEd-pNfzbJsur0g);Server3 (ID: _vxqJwS6QEd-pNfzbJsur0g);1;54;
Infinity;6.658674470584708;1170.5420658088392;3.877981856002438;1318.3360383760246;3.349188331648696;824.9896577132536;5.017378009471024;1931303.6857918208;Server1 (ID: _g7HJEC6MEd-Jla2o7wkBzQ);DBServer (ID: _7jiyMV5LEeavvL8WcdoZSg);Server2 (ID: _h3wXgC6MEd-Jla2o7wkBzQ);DBServer (ID: _7jiyMV5LEeavvL8WcdoZSg);Server2 (ID: _h3wXgC6MEd-Jla2o7wkBzQ);1;55;
Infinity;7.448870501908537;875.6986229381318;1.8613245998194263;886.9493883036735;1.9944152266434851;1124.0388618871884;6.8058391294104625;1118452.3196084336;Server1 (ID: _g7HJEC6MEd-Jla2o7wkBzQ);Server3 (ID: _vxqJwS6QEd-pNfzbJsur0g);Server2 (ID: _h3wXgC6MEd-Jla2o7wkBzQ);DBServer (ID: _7jiyMV5LEeavvL8WcdoZSg);Server2 (ID: _h3wXgC6MEd-Jla2o7wkBzQ);1;56;
Infinity;4.942913928730661;1697.1898148624423;2.8791863311952426;1289.7899870469037;2.345171291440808;1801.2103006931156;5.30113542020701;972254.0459205026;Server2 (ID: _h3wXgC6MEd-Jla2o7wkBzQ);Server2 (ID: _h3wXgC6MEd-Jla2o7wkBzQ);DBServer (ID: _7jiyMV5LEeavvL8WcdoZSg);DBServer (ID: _7jiyMV5LEeavvL8WcdoZSg);Server2 (ID: _h3wXgC6MEd-Jla2o7wkBzQ);1;57;
Infinity;2.5772050081702864;1703.709061215971;5.944431146600471;1733.4180399417;4.0732715689580585;1659.1882536727435;4.639099838042722;834158.1227284212;DBServer (ID: _7jiyMV5LEeavvL8WcdoZSg);Server1 (ID: _g7HJEC6MEd-Jla2o7wkBzQ);DBServer (ID: _7jiyMV5LEeavvL8WcdoZSg);Server2 (ID: _h3wXgC6MEd-Jla2o7wkBzQ);DBServer (ID: _7jiyMV5LEeavvL8WcdoZSg);1;58;
79.28299999999999;8.810843773088378;1141.2656473455102;4.439006861248865;1180.0170236124636;3.879500684862848;1147.4483155246346;7.720668325689926;999890.7258457681;Server3 (ID: _vxqJwS6QEd-pNfzbJsur0g);Server3 (ID: _vxqJwS6QEd-pNfzbJsur0g);Server2 (ID: _h3wXgC6MEd-Jla2o7wkBzQ);DBServer (ID: _7jiyMV5LEeavvL8WcdoZSg);DBServer (ID: _7jiyMV5LEeavvL8WcdoZSg);1;0.0;0.0;0.352782;0.0;0.927954;0.0;0.843968;0.468062;0.0285;59;
79.28299999999999;7.344064145889136;930.1623692923574;5.09079871420296;1051.9520369954907;5.896194778054673;1097.2120247744397;9.01754443023847;840298.1905207894;Server3 (ID: _vxqJwS6QEd-pNfzbJsur0g);DBServer (ID: _7jiyMV5LEeavvL8WcdoZSg);Server1 (ID: _g7HJEC6MEd-Jla2o7wkBzQ);Server3 (ID: _vxqJwS6QEd-pNfzbJsur0g);DBServer (ID: _7jiyMV5LEeavvL8WcdoZSg);1;0.0;0.0;0.352782;0.0;0.927954;0.0;0.843968;0.468062;0.0285;60;
79.28299999999999;6.775455216838863;1585.2219583093433;2.931235900399523;980.0545709711016;2.0334153304271627;1767.8753006288837;6.989622982193922;836367.7498583879;Server3 (ID: _vxqJwS6QEd-pNfzbJsur0g);Server2 (ID: _h3wXgC6MEd-Jla2o7wkBzQ);Server1 (ID: _g7HJEC6MEd-Jla2o7wkBzQ);Server3 (ID: _vxqJwS6QEd-pNfzbJsur0g);Server3 (ID: _vxqJwS6QEd-pNfzbJsur0g);1;0.0;0.0;0.352782;0.0;0.927954;0.0;0.843968;0.468062;0.0285;61;
79.28299999999999;2.7376030667036915;1314.1885087548455;5.259099886123876;941.7949181630431;5.5025481338114774;1677.814761153186;9.154516321037537;1960153.5405708137;DBServer (ID: _7jiyMV5LEeavvL8WcdoZSg);DBServer (ID: _7jiyMV5LEeavvL8WcdoZSg);Server3 (ID: _vxqJwS6QEd-pNfzbJsur0g);DBServer (ID: _7jiyMV5LEeavvL8WcdoZSg);DBServer (ID: _7jiyMV5LEeavvL8WcdoZSg);1;0.0;0.0;0.352782;0.0;0.927954;0.0;0.843968;0.468062;0.0285;62;
79.28299999999999;4.403694204188679;1533.8588109065743;5.228954168438083;1013.5872459135987;2.2623224030350886;977.3329482997677;7.707661104839687;669847.2642778987;Server1 (ID: _g7HJEC6MEd-Jla2o7wkBzQ);DBServer (ID: _7jiyMV5LEeavvL8WcdoZSg);DBServer (ID: _7jiyMV5LEeavvL8WcdoZSg);Server1 (ID: _g7HJEC6MEd-Jla2o7wkBzQ);Server3 (ID: _vxqJwS6QEd-pNfzbJsur0g);1;0.0;0.0;0.352782;0.0;0.927954;0.0;0.843968;0.468062;0.0285;63;
Infinity;6.970932497030286;1545.2659574275979;3.806183376713146;953.5271606322688;2.7998205258858624;955.3827722712094;4.392706049953693;671454.6788348322;Server2 (ID: _h3wXgC6MEd-Jla2o7wkBzQ);Server1 (ID: _g7HJEC6MEd-Jla2o7wkBzQ);Server1 (ID: _g7HJEC6MEd-Jla2o7wkBzQ);Server3 (ID: _vxqJwS6QEd-pNfzbJsur0g);Server1 (ID: _g7HJEC6MEd-Jla2o7wkBzQ);1;67;
39.1225;4.731153540960504;603.5073956945442;5.7269603305853245;1047.4493670111906;5.81608808166523;926.0907596963376;8.481503333185017;787166.7571361149;Server3 (ID: _vxqJwS6QEd-pNfzbJsur0g);Server2 (ID: _h3wXgC6MEd-Jla2o7wkBzQ);Server2 (ID: _h3wXgC6MEd-Jla2o7wkBzQ);DBServer (ID: _7jiyMV5LEeavvL8WcdoZSg);DBServer (ID: _7jiyMV5LEeavvL8WcdoZSg);1;0.0;0.0;0.587746;0.0;0.309486;0.0;0.76826;0.594551;0.0285;71;
39.1225;6.811410900339607;1686.809910749502;5.217968838839052;916.2261992322342;2.419609758160165;831.0800106332991;5.5877331492004725;1590114.9448379327;Server1 (ID: _g7HJEC6MEd-Jla2o7wkBzQ);Server2 (ID: _h3wXgC6MEd-Jla2o7wkBzQ);Server1 (ID: _g7HJEC6MEd-Jla2o7wkBzQ);Server3 (ID: _vxqJwS6QEd-pNfzbJsur0g);Server3 (ID: _vxqJwS6QEd-pNfzbJsur0g);1;0.0;0.0;0.587746;0.0;0.309486;0.0;0.76826;0.594551;0.0285;72;
39.1225;7.196598317828954;1909.2491867927847;2.7415126138392827;1564.1498304249665;2.153162817870543;1013.5039358093801;6.139246242384107;1475354.069258545;Server2 (ID: _h3wXgC6MEd-Jla2o7wkBzQ);Server1 (ID: _g7HJEC6MEd-Jla2o7wkBzQ);Server3 (ID: _vxqJwS6QEd-pNfzbJsur0g);Server2 (ID: _h3wXgC6MEd-Jla2o7wkBzQ);Server3 (ID: _vxqJwS6QEd-pNfzbJsur0g);1;0.0;0.0;0.587746;0.0;0.309486;0.0;0.76826;0.594551;0.0285;73;
39.1225;7.230813372062569;821.3504712894651;3.8449477704246444;1517.5906816895285;4.057903356121242;1991.7431575054836;8.603979422648452;1951022.227596861;Server2 (ID: _h3wXgC6MEd-Jla2o7wkBzQ);Server2 (ID: _h3wXgC6MEd-Jla2o7wkBzQ);Server3 (ID: _vxqJwS6QEd-pNfzbJsur0g);DBServer (ID: _7jiyMV5LEeavvL8WcdoZSg);Server3 (ID: _vxqJwS6QEd-pNfzbJsur0g);1;0.0;0.0;0.587746;0.0;0.309486;0.0;0.76826;0.594551;0.0285;74;
39.1225;5.926040903725292;1376.9794262575192;5.80575101193487;869.1978555408471;2.7912797920368764;1647.1133410973855;7.203457548764945;1915772.460286012;Server1 (ID: _g7HJEC6MEd-Jla2o7wkBzQ);DBServer (ID: _7jiyMV5LEeavvL8WcdoZSg);DBServer (ID: _7jiyMV5LEeavvL8WcdoZSg);Server1 (ID: _g7HJEC6MEd-Jla2o7wkBzQ);Server1 (ID: _g7HJEC6MEd-Jla2o7wkBzQ);1;0.0;0.0;0.587746;0.0;0.309486;0.0;0.76826;0.594551;0.0285;75;
39.1225;4.786835861469147;961.9188062595451;3.28694183906665;1114.2240984817777;5.2337576432156645;1371.5338382589862;3.9939382754120363;739529.4147343303;Server1 (ID: _g7HJEC6MEd-Jla2o7wkBzQ);Server2 (ID: _h3wXgC6MEd-Jla2o7wkBzQ);Server2 (ID: _h3wXgC6MEd-Jla2o7wkBzQ);DBServer (ID: _7jiyMV5LEeavvL8WcdoZSg);Server3 (ID: _vxqJwS6QEd-pNfzbJsur0g);1;0.0;0.0;0.587746;0.0;0.309486;0.0;0.76826;0.594551;0.0285;76;
Infinity;4.071839706712284;1350.3911116530703;3.931386311237075;1054.3753748926374;1.7128086201928632;858.2848251554043;6.673549603144566;863633.1314658128;DBServer (ID: _7jiyMV5LEeavvL8WcdoZSg);DBServer (ID: _7jiyMV5LEeavvL8WcdoZSg);Server1 (ID: _g7HJEC6MEd-Jla2o7wkBzQ);DBServer (ID: _7jiyMV5LEeavvL8WcdoZSg);Server2 (ID: _h3wXgC6MEd-Jla2o7wkBzQ);1;77;
41.1909;4.281083667331164;1861.3563963974802;5.312165183894695;521.7514835027123;3.0347960546942008;714.9120162913052;5.910842251365608;1058777.6232372862;Server1 (ID: _g7HJEC6MEd-Jla2o7wkBzQ);Server1 (ID: _g7HJEC6MEd-Jla2o7wkBzQ);Server3 (ID: _vxqJwS6QEd-pNfzbJsur0g);DBServer (ID: _7jiyMV5LEeavvL8WcdoZSg);Server2 (ID: _h3wXgC6MEd-Jla2o7wkBzQ);1;0.840909;0.0;0.358611;0.00292093;0.516015;0.0;0.780092;0.442028;0.03;78;
41.1909;8.22619932505134;1947.1679756827327;5.36664466058998;1751.8958926320734;1.9869154766169759;1319.1835772397392;2.7432849899997174;1337180.8221987057;DBServer (ID: _7jiyMV5LEeavvL8WcdoZSg);Server2 (ID: _h3wXgC6MEd-Jla2o7wkBzQ);Server3 (ID: _vxqJwS6QEd-pNfzbJsur0g);Server1 (ID: _g7HJEC6MEd-Jla2o7wkBzQ);Server1 (ID: _g7HJEC6MEd-Jla2o7wkBzQ);1;0.840909;0.0;0.358611;0.00292093;0.516015;0.0;0.780092;0.442028;0.03;79;
41.1909;7.411684976393474;1091.067669354894;3.5186540601418166;1424.1373985720195;1.6924179942413304;800.6356875667931;6.329333197463026;1651495.3203144134;DBServer (ID: _7jiyMV5LEeavvL8WcdoZSg);Server1 (ID: _g7HJEC6MEd-Jla2o7wkBzQ);Server1 (ID: _g7HJEC6MEd-Jla2o7wkBzQ);Server2 (ID: _h3wXgC6MEd-Jla2o7wkBzQ);Server3 (ID: _vxqJwS6QEd-pNfzbJsur0g);1;0.840909;0.0;0.358611;0.00292093;0.516015;0.0;0.780092;0.442028;0.03;80;
41.1909;5.7696176015643665;774.2913078437433;5.823499232722666;1026.8532339404628;5.5733156934647745;1863.6123931122195;7.394987931722339;753655.5289358541;Server2 (ID: _h3wXgC6MEd-Jla2o7wkBzQ);Server1 (ID: _g7HJEC6MEd-Jla2o7wkBzQ);DBServer (ID: _7jiyMV5LEeavvL8WcdoZSg);Server2 (ID: _h3wXgC6MEd-Jla2o7wkBzQ);DBServer (ID: _7jiyMV5LEeavvL8WcdoZSg);1;0.840909;0.0;0.358611;0.00292093;0.516015;0.0;0.780092;0.442028;0.03;81;
41.1909;7.994799323012818;1775.5555271951052;1.8186949113548172;1229.0903964089002;5.116674902316586;1554.931263642019;7.253256765774727;645389.3326401332;Server3 (ID: _vxqJwS6QEd-pNfzbJsur0g);Server1 (ID: _g7HJEC6MEd-Jla2o7wkBzQ);Server1 (ID: _g7HJEC6MEd-Jla2o7wkBzQ);Server2 (ID: _h3wXgC6MEd-Jla2o7wkBzQ);Server2 (ID: _h3wXgC6MEd-Jla2o7wkBzQ);1;0.840909;0.0;0.358611;0.00292093;0.516015;0.0;0.780092;0.442028;0.03;82;
41.1909;7.832768538244587;705.2766845599463;3.1921897891033284;1556.1805198185002;2.3855780908453834;569.781294447838;9.49481023997455;1704881.704076343;Server3 (ID: _vxqJwS6QEd-pNfzbJsur0g);Server1 (ID: _g7HJEC6MEd-Jla2o7wkBzQ);Server2 (ID: _h3wXgC6MEd-Jla2o7wkBzQ);Server3 (ID: _vxqJwS6QEd-pNfzbJsur0g);DBServer (ID: _7jiyMV5LEeavvL8WcdoZSg);1;0.840909;0.0;0.358611;0.00292093;0.516015;0.0;0.780092;0.442028;0.03;83;
41.1909;2.277218807617603;1810.2731167195655;2.5190207751439417;1285.2730660243074;5.799469698737621;1728.6411956824413;4.564695240391515;1532625.0525262384;DBServer (ID: _7jiyMV5LEeavvL8WcdoZSg);Server1 (ID: _g7HJEC6MEd-Jla2o7wkBzQ);Server1 (ID: _g7HJEC6MEd-Jla2o7wkBzQ);DBServer (ID: _7jiyMV5LEeavvL8WcdoZSg);DBServer (ID: _7jiyMV5LEeavvL8WcdoZSg);1;0.840909;0.0;0.358611;0.00292093;0.516015;0.0;0.780092;0.442028;0.03;84;
Infinity;6.2045872471982175;1764.6040440819988;4.377804654072399;1400.0740049785131;3.970809913716742;1640.2634392456018;3.9103762379037788;1989340.108425613;Server3 (ID: _vxqJwS6QEd-pNfzbJsur0g);Server2 (ID: _h3wXgC6MEd-Jla2o7wkBzQ);Server1 (ID: _g7HJEC6MEd-Jla2o7wkBzQ);Server1 (ID: _g7HJEC6MEd-Jla2o7wkBzQ);Server1 (ID: _g7HJEC6MEd-Jla2o7wkBzQ);1;85;
40.5693;3.41249115940988;1505.4390026587778;3.858837560115286;1040.7159482166724;5.352705226524371;1230.3597862241934;7.944951903421246;929366.9364330894;DBServer (ID: _7jiyMV5LEeavvL8WcdoZSg);Server3 (ID: _vxqJwS6QEd-pNfzbJsur0g);Server3 (ID: _vxqJwS6QEd-pNfzbJsur0g);DBServer (ID: _7jiyMV5LEeavvL8WcdoZSg);Server2 (ID: _h3wXgC6MEd-Jla2o7wkBzQ);1;0.0;0.0;0.493672;0.00146438;0.628841;0.0;0.806927;0.503578;0.0165;87;
40.5693;5.5521526378377555;1923.9616081697895;3.0714007043456117;1208.1304928260458;5.093256542550932;819.2121421945321;4.325128353847485;694454.3191289076;Server3 (ID: _vxqJwS6QEd-pNfzbJsur0g);DBServer (ID: _7jiyMV5LEeavvL8WcdoZSg);DBServer (ID: _7jiyMV5LEeavvL8WcdoZSg);Server3 (ID: _vxqJwS6QEd-pNfzbJsur0g);DBServer (ID: _7jiyMV5LEeavvL8WcdoZSg);1;0.0;0.0;0.493672;0.00146438;0.628841;0.0;0.806927;0.503578;0.0165;88;
40.5693;4.2058505298574556;1611.8794557055953;4.435094846932648;953.5973714962473;3.372221811578702;1582.499916219448;9.212013407557539;749755.2525903743;DBServer (ID: _7jiyMV5LEeavvL8WcdoZSg);DBServer (ID: _7jiyMV5LEeavvL8WcdoZSg);Server3 (ID: _vxqJwS6QEd-pNfzbJsur0g);Server2 (ID: _h3wXgC6MEd-Jla2o7wkBzQ);Server3 (ID: _vxqJwS6QEd-pNfzbJsur0g);1;0.0;0.0;0.493672;0.00146438;0.628841;0.0;0.806927;0.503578;0.0165;89;
40.5693;8.73336666022784;1299.3713188240154;5.498677406613568;1792.9888304073381;1.792698316789166;1621.1816221034371;7.656632623458432;693658.4179098753;DBServer (ID: _7jiyMV5LEeavvL8WcdoZSg);Server3 (ID: _vxqJwS6QEd-pNfzbJsur0g);Server1 (ID: _g7HJEC6MEd-Jla2o7wkBzQ);Server3 (ID: _vxqJwS6QEd-pNfzbJsur0g);Server1 (ID: _g7HJEC6MEd-Jla2o7wkBzQ);1;0.0;0.0;0.493672;0.00146438;0.628841;0.0;0.806927;0.503578;0.0165;90;
40.5693;5.302489806192465;1657.4756247404018;1.740469652153567;1382.059731221273;5.372022589096203;531.593386236726;6.196581014569841;1080151.2517464694;Server3 (ID: _vxqJwS6QEd-pNfzbJsur0g);Server2 (ID: _h3wXgC6MEd-Jla2o7wkBzQ);DBServer (ID: _7jiyMV5LEeavvL8WcdoZSg);Server2 (ID: _h3wXgC6MEd-Jla2o7wkBzQ);DBServer (ID: _7jiyMV5LEeavvL8WcdoZSg);1;0.0;0.0;0.493672;0.00146438;0.628841;0.0;0.806927;0.503578;0.0165;91;
40.5693;2.48872137118665;1142.61223868462;3.7475387764531365;797.3616873433153;2.369166828210099;1316.46915230702;3.9596582051523925;1116069.9244863135;Server2 (ID: _h3wXgC6MEd-Jla2o7wkBzQ);DBServer (ID: _7jiyMV5LEeavvL8WcdoZSg);Server3 (ID: _vxqJwS6QEd-pNfzbJsur0g);DBServer (ID: _7jiyMV5LEeavvL8WcdoZSg);Server3 (ID: _vxqJwS6QEd-pNfzbJsur0g);1;0.0;0.0;0.493672;0.00146438;0.628841;0.0;0.806927;0.503578;0.0165;92;
Infinity;4.881980028323785;1726.486612942502;4.184210091915615;639.4655997454468;4.9519247246181175;1232.6082359641891;3.1254036333978297;1276485.6679136413;DBServer (ID: _7jiyMV5LEeavvL8WcdoZSg);Server2 (ID: _h3wXgC6MEd-Jla2o7wkBzQ);Server2 (ID: _h3wXgC6MEd-Jla2o7wkBzQ);DBServer (ID: _7jiyMV5LEeavvL8WcdoZSg);DBServer (ID: _7jiyMV5LEeavvL8WcdoZSg);1;96;
Infinity;6.281246123514885;574.3476131370064;2.1750830936395467;1036.106951752372;5.808332451392739;1519.1436148042137;3.3817336551759936;634711.3952887333;Server3 (ID: _vxqJwS6QEd-pNfzbJsur0g);Server2 (ID: _h3wXgC6MEd-Jla2o7wkBzQ);Server1 (ID: _g7HJEC6MEd-Jla2o7wkBzQ);DBServer (ID: _7jiyMV5LEeavvL8WcdoZSg);Server2 (ID: _h3wXgC6MEd-Jla2o7wkBzQ);1;98;
45.647800000000004;2.3982798885531116;765.8403820409872;3.5052853814391374;573.1941198951105;4.9224168903426175;1411.4586092099944;9.736657558841218;1257683.7184162473;Server3 (ID: _vxqJwS6QEd-pNfzbJsur0g);Server1 (ID: _g7HJEC6MEd-Jla2o7wkBzQ);DBServer (ID: _7jiyMV5LEeavvL8WcdoZSg);DBServer (ID: _7jiyMV5LEeavvL8WcdoZSg);DBServer (ID: _7jiyMV5LEeavvL8WcdoZSg);1;0.750538;0.0;0.0;0.0;0.365674;0.0;0.830059;0.372121;0.0393;99;
110.9966;4.731153540960504;603.5073956945442;5.7269603305853245;1047.4493670111906;5.81608808166523;926.0907596963376;8.481503333185017;787166.7571361149;Server3 (ID: _vxqJwS6QEd-pNfzbJsur0g);Server2 (ID: _h3wXgC6MEd-Jla2o7wkBzQ);Server2 (ID: _h3wXgC6MEd-Jla2o7wkBzQ);DBServer (ID: _7jiyMV5LEeavvL8WcdoZSg);Server2 (ID: _h3wXgC6MEd-Jla2o7wkBzQ);1;0.0;0.0;0.920384;0.00145496;0.309486;0.0;0.543654;0.594549;0.03;102;
110.9966;4.731153540960504;603.5073956945442;5.7269603305853245;1047.4493670111906;5.81608808166523;926.0907596963376;8.481503333185017;787166.7571361149;Server3 (ID: _vxqJwS6QEd-pNfzbJsur0g);Server2 (ID: _h3wXgC6MEd-Jla2o7wkBzQ);Server2 (ID: _h3wXgC6MEd-Jla2o7wkBzQ);Server2 (ID: _h3wXgC6MEd-Jla2o7wkBzQ);DBServer (ID: _7jiyMV5LEeavvL8WcdoZSg);1;0.0;0.0;0.920384;0.00145496;0.309486;0.0;0.543654;0.594549;0.03;111;
110.9966;6.811410900339607;1686.809910749502;5.217968838839052;916.2261992322342;2.419609758160165;831.0800106332991;5.5877331492004725;1590114.9448379327;Server2 (ID: _h3wXgC6MEd-Jla2o7wkBzQ);Server2 (ID: _h3wXgC6MEd-Jla2o7wkBzQ);Server2 (ID: _h3wXgC6MEd-Jla2o7wkBzQ);Server3 (ID: _vxqJwS6QEd-pNfzbJsur0g);Server3 (ID: _vxqJwS6QEd-pNfzbJsur0g);1;0.0;0.0;0.920384;0.00145496;0.309486;0.0;0.543654;0.594549;0.03;130;
110.9966;4.2058505298574556;1611.8794557055953;4.435094846932648;953.5973714962473;3.372221811578702;1582.499916219448;9.212013407557539;749755.2525903743;DBServer (ID: _7jiyMV5LEeavvL8WcdoZSg);Server3 (ID: _vxqJwS6QEd-pNfzbJsur0g);Server3 (ID: _vxqJwS6QEd-pNfzbJsur0g);Server2 (ID: _h3wXgC6MEd-Jla2o7wkBzQ);Server3 (ID: _vxqJwS6QEd-pNfzbJsur0g);1;0.0;0.0;0.920384;0.00145496;0.309486;0.0;0.543654;0.594549;0.03;133;
110.9966;3.41249115940988;1505.4390026587778;3.858837560115286;1040.7159482166724;5.352705226524371;1230.3597862241934;7.944951903421246;929366.9364330894;DBServer (ID: _7jiyMV5LEeavvL8WcdoZSg);Server2 (ID: _h3wXgC6MEd-Jla2o7wkBzQ);Server2 (ID: _h3wXgC6MEd-Jla2o7wkBzQ);DBServer (ID: _7jiyMV5LEeavvL8WcdoZSg);Server2 (ID: _h3wXgC6MEd-Jla2o7wkBzQ);1;0.0;0.0;0.920384;0.00145496;0.309486;0.0;0.543654;0.594549;0.03;144;
110.9966;2.48872137118665;1142.61223868462;3.7475387764531365;797.3616873433153;2.369166828210099;1316.46915230702;3.9596582051523925;1116069.9244863135;Server2 (ID: _h3wXgC6MEd-Jla2o7wkBzQ);DBServer (ID: _7jiyMV5LEeavvL8WcdoZSg);Server3 (ID: _vxqJwS6QEd-pNfzbJsur0g);Server3 (ID: _vxqJwS6QEd-pNfzbJsur0g);Server3 (ID: _vxqJwS6QEd-pNfzbJsur0g);1;0.0;0.0;0.920384;0.00145496;0.309486;0.0;0.543654;0.594549;0.03;147;
110.9966;4.2058505298574556;1611.8794557055953;4.435094846932648;953.5973714962473;3.372221811578702;1582.499916219448;9.212013407557539;749755.2525903743;Server3 (ID: _vxqJwS6QEd-pNfzbJsur0g);DBServer (ID: _7jiyMV5LEeavvL8WcdoZSg);Server3 (ID: _vxqJwS6QEd-pNfzbJsur0g);Server2 (ID: _h3wXgC6MEd-Jla2o7wkBzQ);Server3 (ID: _vxqJwS6QEd-pNfzbJsur0g);1;0.0;0.0;0.920384;0.00145496;0.309486;0.0;0.543654;0.594549;0.03;154;
110.9966;3.41249115940988;1505.4390026587778;3.858837560115286;1040.7159482166724;5.352705226524371;1230.3597862241934;7.944951903421246;929366.9364330894;Server3 (ID: _vxqJwS6QEd-pNfzbJsur0g);Server3 (ID: _vxqJwS6QEd-pNfzbJsur0g);Server3 (ID: _vxqJwS6QEd-pNfzbJsur0g);DBServer (ID: _7jiyMV5LEeavvL8WcdoZSg);Server2 (ID: _h3wXgC6MEd-Jla2o7wkBzQ);1;0.0;0.0;0.920384;0.00145496;0.309486;0.0;0.543654;0.594549;0.03;161;
Infinity;7.411684976393474;981.9609024194045;3.5186540601418166;1424.1373985720195;1.6924179942413304;800.6356875667931;6.329333197463026;1651495.3203144134;DBServer (ID: _7jiyMV5LEeavvL8WcdoZSg);Server1 (ID: _g7HJEC6MEd-Jla2o7wkBzQ);Server1 (ID: _g7HJEC6MEd-Jla2o7wkBzQ);Server2 (ID: _h3wXgC6MEd-Jla2o7wkBzQ);Server3 (ID: _vxqJwS6QEd-pNfzbJsur0g);1;177;
Infinity;2.8027272155403504;840.5841387111836;4.658773056595056;1648.2077100468898;2.789063164705341;1186.0013427446268;5.987577509873558;1131000.7091913421;DBServer (ID: _7jiyMV5LEeavvL8WcdoZSg);Server2 (ID: _h3wXgC6MEd-Jla2o7wkBzQ);Server2 (ID: _h3wXgC6MEd-Jla2o7wkBzQ);DBServer (ID: _7jiyMV5LEeavvL8WcdoZSg);Server2 (ID: _h3wXgC6MEd-Jla2o7wkBzQ);1;230;
29.1631;2.3982798885531116;765.8403820409872;3.5052853814391374;573.1941198951105;4.9224168903426175;1411.4586092099944;9.736657558841218;1257683.7184162473;Server3 (ID: _vxqJwS6QEd-pNfzbJsur0g);Server1 (ID: _g7HJEC6MEd-Jla2o7wkBzQ);Server2 (ID: _h3wXgC6MEd-Jla2o7wkBzQ);DBServer (ID: _7jiyMV5LEeavvL8WcdoZSg);DBServer (ID: _7jiyMV5LEeavvL8WcdoZSg);1;0.750538;0.0;0.446754;0.0;0.365674;0.0;0.669223;0.372121;0.0393;238;
58.3122;8.810843773088378;1141.2656473455102;4.439006861248865;1180.0170236124636;3.879500684862848;1147.4483155246346;7.720668325689926;999890.7258457681;Server2 (ID: _h3wXgC6MEd-Jla2o7wkBzQ);Server3 (ID: _vxqJwS6QEd-pNfzbJsur0g);Server2 (ID: _h3wXgC6MEd-Jla2o7wkBzQ);DBServer (ID: _7jiyMV5LEeavvL8WcdoZSg);DBServer (ID: _7jiyMV5LEeavvL8WcdoZSg);1;0.0;0.0;0.758278;0.0;0.463977;0.0;0.843968;0.468062;0.0366;261;
58.3122;4.731153540960504;603.5073956945442;5.7269603305853245;1047.4493670111906;5.81608808166523;926.0907596963376;8.481503333185017;787166.7571361149;Server3 (ID: _vxqJwS6QEd-pNfzbJsur0g);Server3 (ID: _vxqJwS6QEd-pNfzbJsur0g);Server3 (ID: _vxqJwS6QEd-pNfzbJsur0g);DBServer (ID: _7jiyMV5LEeavvL8WcdoZSg);DBServer (ID: _7jiyMV5LEeavvL8WcdoZSg);1;0.0;0.0;0.758278;0.0;0.463977;0.0;0.843968;0.468062;0.0366;271;
58.3122;8.810843773088378;1141.2656473455102;4.439006861248865;1180.0170236124636;4.2674507533491335;1147.4483155246346;7.720668325689926;999890.7258457681;Server3 (ID: _vxqJwS6QEd-pNfzbJsur0g);Server3 (ID: _vxqJwS6QEd-pNfzbJsur0g);Server2 (ID: _h3wXgC6MEd-Jla2o7wkBzQ);DBServer (ID: _7jiyMV5LEeavvL8WcdoZSg);DBServer (ID: _7jiyMV5LEeavvL8WcdoZSg);1;0.0;0.0;0.758278;0.0;0.463977;0.0;0.843968;0.468062;0.0366;275;
Infinity;2.9265944234392185;1975.8053257551226;5.199744920188569;1284.2968672512432;3.5137939226599033;820.9133196046973;9.274769445021644;1296881.9087218288;Server2 (ID: _h3wXgC6MEd-Jla2o7wkBzQ);DBServer (ID: _7jiyMV5LEeavvL8WcdoZSg);Server2 (ID: _h3wXgC6MEd-Jla2o7wkBzQ);Server2 (ID: _h3wXgC6MEd-Jla2o7wkBzQ);Server2 (ID: _h3wXgC6MEd-Jla2o7wkBzQ);1;285;
55.520399999999995;3.9032471957409784;1560.2314695075518;2.9577427296052266;1020.6113949572498;5.255219130473659;1966.8093077300764;7.099510224540883;1171932.6890058299;Server3 (ID: _vxqJwS6QEd-pNfzbJsur0g);DBServer (ID: _7jiyMV5LEeavvL8WcdoZSg);Server2 (ID: _h3wXgC6MEd-Jla2o7wkBzQ);DBServer (ID: _7jiyMV5LEeavvL8WcdoZSg);Server1 (ID: _g7HJEC6MEd-Jla2o7wkBzQ);1;0.488055;9.76778E-4;0.529458;0.0;0.342517;0.0;0.90302;0.399348;0.0408;288;
55.520399999999995;4.864347529793834;1833.804401501672;2.387991789105913;1017.7306225072879;1.6873357677668213;544.4464449276361;6.5449414609849255;1010460.8445028067;Server2 (ID: _h3wXgC6MEd-Jla2o7wkBzQ);DBServer (ID: _7jiyMV5LEeavvL8WcdoZSg);Server1 (ID: _g7HJEC6MEd-Jla2o7wkBzQ);Server2 (ID: _h3wXgC6MEd-Jla2o7wkBzQ);Server3 (ID: _vxqJwS6QEd-pNfzbJsur0g);1;0.488055;9.76778E-4;0.529458;0.0;0.342517;0.0;0.90302;0.399348;0.0408;289;
55.520399999999995;6.266547927062562;594.4229367229563;1.917607511507375;669.6349825246632;2.2863036072885463;1701.243458113218;8.477335767716635;1603757.5972414846;Server3 (ID: _vxqJwS6QEd-pNfzbJsur0g);DBServer (ID: _7jiyMV5LEeavvL8WcdoZSg);Server3 (ID: _vxqJwS6QEd-pNfzbJsur0g);DBServer (ID: _7jiyMV5LEeavvL8WcdoZSg);Server3 (ID: _vxqJwS6QEd-pNfzbJsur0g);1;0.488055;9.76778E-4;0.529458;0.0;0.342517;0.0;0.90302;0.399348;0.0408;290;
55.520399999999995;2.620109618375083;1992.9972630540178;5.897639420180743;1004.5448799028478;2.881262833023028;837.5608647840304;7.268060115841041;744128.7016807576;Server3 (ID: _vxqJwS6QEd-pNfzbJsur0g);Server3 (ID: _vxqJwS6QEd-pNfzbJsur0g);Server2 (ID: _h3wXgC6MEd-Jla2o7wkBzQ);Server3 (ID: _vxqJwS6QEd-pNfzbJsur0g);Server3 (ID: _vxqJwS6QEd-pNfzbJsur0g);1;0.488055;9.76778E-4;0.529458;0.0;0.342517;0.0;0.90302;0.399348;0.0408;291;
Infinity;5.741125170651021;1548.305296809566;3.5250306560410993;1794.2125754990518;2.4581794865424187;789.2709459815858;3.050433405126218;1358430.82617401;Server3 (ID: _vxqJwS6QEd-pNfzbJsur0g);DBServer (ID: _7jiyMV5LEeavvL8WcdoZSg);Server3 (ID: _vxqJwS6QEd-pNfzbJsur0g);Server3 (ID: _vxqJwS6QEd-pNfzbJsur0g);Server3 (ID: _vxqJwS6QEd-pNfzbJsur0g);1;293;
Infinity;4.028980808928249;1607.5397029012254;3.853573734505973;1760.818628954719;4.372731982382186;1136.4300466755526;8.098628364545311;1100482.586344317;Server1 (ID: _g7HJEC6MEd-Jla2o7wkBzQ);Server2 (ID: _h3wXgC6MEd-Jla2o7wkBzQ);Server1 (ID: _g7HJEC6MEd-Jla2o7wkBzQ);Server2 (ID: _h3wXgC6MEd-Jla2o7wkBzQ);DBServer (ID: _7jiyMV5LEeavvL8WcdoZSg);1;294;
Infinity;5.345802785083937;1350.0419727058347;2.4346466195770917;1680.3966803991186;1.5109929557937223;1418.09812609259;4.625065099670159;924608.1658414197;Server1 (ID: _g7HJEC6MEd-Jla2o7wkBzQ);Server1 (ID: _g7HJEC6MEd-Jla2o7wkBzQ);Server2 (ID: _h3wXgC6MEd-Jla2o7wkBzQ);Server1 (ID: _g7HJEC6MEd-Jla2o7wkBzQ);Server1 (ID: _g7HJEC6MEd-Jla2o7wkBzQ);1;295;
Infinity;3.744245186387611;969.7548988020576;4.556077769839325;572.434136924512;4.544455309404341;562.7625272119578;9.47152111802965;1494521.2793251043;Server3 (ID: _vxqJwS6QEd-pNfzbJsur0g);Server1 (ID: _g7HJEC6MEd-Jla2o7wkBzQ);Server1 (ID: _g7HJEC6MEd-Jla2o7wkBzQ);Server1 (ID: _g7HJEC6MEd-Jla2o7wkBzQ);Server1 (ID: _g7HJEC6MEd-Jla2o7wkBzQ);1;297;
Infinity;3.948656293349118;1443.4856326778163;5.567577897810488;1825.252483551155;2.483328605690998;1349.6853887369914;6.745638939117501;1876549.5399804825;DBServer (ID: _7jiyMV5LEeavvL8WcdoZSg);Server3 (ID: _vxqJwS6QEd-pNfzbJsur0g);Server2 (ID: _h3wXgC6MEd-Jla2o7wkBzQ);Server1 (ID: _g7HJEC6MEd-Jla2o7wkBzQ);Server3 (ID: _vxqJwS6QEd-pNfzbJsur0g);1;299;
Infinity;3.961057250571405;1109.9050117184966;1.6743243825395682;1895.2156778079866;5.054409207583779;1691.848759575148;9.264650803257961;1391770.3249360002;Server3 (ID: _vxqJwS6QEd-pNfzbJsur0g);Server3 (ID: _vxqJwS6QEd-pNfzbJsur0g);DBServer (ID: _7jiyMV5LEeavvL8WcdoZSg);Server3 (ID: _vxqJwS6QEd-pNfzbJsur0g);DBServer (ID: _7jiyMV5LEeavvL8WcdoZSg);1;300;
Infinity;2.5761627639520177;1966.1574607802427;5.415352101635047;631.6881046871191;5.397870580563788;1026.2108045369216;3.2259504910210346;830390.7331474251;Server2 (ID: _h3wXgC6MEd-Jla2o7wkBzQ);DBServer (ID: _7jiyMV5LEeavvL8WcdoZSg);DBServer (ID: _7jiyMV5LEeavvL8WcdoZSg);Server3 (ID: _vxqJwS6QEd-pNfzbJsur0g);Server2 (ID: _h3wXgC6MEd-Jla2o7wkBzQ);1;302;
Infinity;6.795008800584875;947.8007890911882;1.763298417484791;1473.8436470371937;1.7439241449623286;572.6695044522227;3.258023285157725;514839.1539086182;Server2 (ID: _h3wXgC6MEd-Jla2o7wkBzQ);Server1 (ID: _g7HJEC6MEd-Jla2o7wkBzQ);Server1 (ID: _g7HJEC6MEd-Jla2o7wkBzQ);Server1 (ID: _g7HJEC6MEd-Jla2o7wkBzQ);Server1 (ID: _g7HJEC6MEd-Jla2o7wkBzQ);1;303;
Infinity;6.2130094895736;773.0194432427737;3.1431925533754126;1202.1568210285216;1.6711560741042717;1188.2917105580082;9.090564753906103;1337549.9843645622;Server3 (ID: _vxqJwS6QEd-pNfzbJsur0g);Server3 (ID: _vxqJwS6QEd-pNfzbJsur0g);Server2 (ID: _h3wXgC6MEd-Jla2o7wkBzQ);Server3 (ID: _vxqJwS6QEd-pNfzbJsur0g);Server2 (ID: _h3wXgC6MEd-Jla2o7wkBzQ);1;306;
Infinity;3.0245715556584414;1632.0294920152915;5.920835869496233;1552.5958038075178;1.7389353396772584;1646.061414963885;4.5256252318244705;707861.7935317275;Server3 (ID: _vxqJwS6QEd-pNfzbJsur0g);DBServer (ID: _7jiyMV5LEeavvL8WcdoZSg);Server1 (ID: _g7HJEC6MEd-Jla2o7wkBzQ);Server3 (ID: _vxqJwS6QEd-pNfzbJsur0g);DBServer (ID: _7jiyMV5LEeavvL8WcdoZSg);1;308;
